time,tavg,tmin,tmax,prcp,snow,wdir,wspd,wpgt,pres,tsun
2023-06-15,21.9,16.3,27.5,0.0,,11.0,9.7,31.5,1011.6,
2023-06-16,23.9,16.2,27.8,0.0,,1.0,11.4,35.2,1010.9,
2023-06-17,22.7,15.5,28.9,0.0,,28.0,10.2,35.2,1009.3,
2023-06-18,22.6,14.7,28.6,0.0,,36.0,7.7,33.3,1012.3,
2023-06-19,21.2,14.8,26.7,0.0,,68.0,6.7,29.6,1015.5,
2023-06-20,22.1,14.0,29.3,0.2,,274.0,6.1,27.8,1014.2,
2023-06-21,23.5,17.3,28.5,0.6,,346.0,7.4,29.6,1014.9,
2023-06-22,22.0,13.7,27.8,0.0,,140.0,4.8,20.4,1019.7,
2023-06-23,23.6,18.4,30.6,7.7,,206.0,10.0,37.0,1015.4,
2023-06-24,26.0,19.5,30.7,0.0,,288.0,6.3,31.5,1012.1,
2023-06-25,23.2,19.7,27.4,0.0,,38.0,7.5,25.9,1011.5,
2023-06-26,16.2,15.1,17.7,5.6,,67.0,11.4,35.2,1008.0,
2023-06-27,16.9,14.8,19.5,5.8,,265.0,8.6,33.3,1004.9,
2023-06-28,17.1,13.1,20.7,0.8,,190.0,6.6,25.9,1007.8,
2023-06-29,19.4,15.3,23.7,0.5,,198.0,12.0,38.9,1006.1,
2023-06-30,18.9,16.2,22.8,0.0,,256.0,13.2,40.8,1002.1,
2023-07-01,21.2,13.7,27.6,0.0,,273.0,11.0,37.0,1005.0,
2023-07-02,24.1,19.5,30.5,0.6,,239.0,8.0,33.3,1006.6,
2023-07-03,24.0,20.0,29.3,12.4,,257.0,7.0,27.8,1010.1,
2023-07-04,25.0,18.7,31.0,1.7,,4.0,4.6,20.4,1015.1,
2023-07-05,25.3,19.7,31.9,0.1,,54.0,7.0,22.2,1016.3,
2023-07-06,27.0,21.7,31.9,0.0,,69.0,10.7,31.5,1015.6,
2023-07-07,29.1,23.1,34.2,0.0,,67.0,9.2,31.5,1013.0,
2023-07-08,22.9,20.4,29.3,19.1,,22.0,12.7,31.5,1008.6,
2023-07-09,19.3,18.4,20.4,31.0,,325.0,15.1,40.8,1006.6,
2023-07-10,19.7,15.9,25.5,1.7,,299.0,12.3,38.9,1008.5,
2023-07-11,19.1,15.2,23.3,1.1,,300.0,9.4,35.2,1010.1,
2023-07-12,18.1,14.1,22.1,0.0,,287.0,8.0,35.2,1013.6,
2023-07-13,20.7,13.6,27.5,0.3,,230.0,10.0,37.0,1014.2,
2023-07-14,20.9,19.0,26.7,12.2,,231.0,9.2,33.3,1009.0,
2023-07-15,21.5,17.2,26.5,0.2,,290.0,12.9,42.6,1012.7,
2023-07-16,21.2,15.4,26.6,0.3,,297.0,8.8,35.2,1016.3,
2023-07-17,22.8,16.5,28.7,0.0,,297.0,7.9,29.6,1016.6,
2023-07-18,22.9,16.4,30.5,2.7,,253.0,8.2,31.5,1012.4,
2023-07-19,20.3,14.9,24.6,0.0,,278.0,10.1,38.9,1010.8,
2023-07-20,21.6,15.2,28.1,0.0,,226.0,6.3,25.9,1009.8,
2023-07-21,22.0,19.0,25.7,0.3,,266.0,10.3,37.0,1009.3,
2023-07-22,20.4,15.2,26.1,0.8,,281.0,6.2,24.1,1015.0,
2023-07-23,21.0,16.3,26.3,1.4,,10.0,8.9,27.8,1012.0,
2023-07-24,20.8,14.9,25.8,0.0,,281.0,6.0,25.9,1013.4,
2023-07-25,23.1,15.8,30.2,0.0,,178.0,11.0,35.2,1009.7,
2023-07-26,26.2,20.5,31.9,0.2,,163.0,15.4,46.3,1005.6,
2023-07-27,26.0,21.3,33.8,19.0,,140.0,11.5,38.9,1003.7,
2023-07-28,19.5,18.3,25.0,41.9,,341.0,10.1,37.0,1001.5,
2023-07-29,21.1,16.5,25.3,0.0,,280.0,16.6,44.5,1007.1,
2023-07-30,21.7,16.9,27.1,0.0,,282.0,6.6,29.6,1010.6,
2023-07-31,20.2,17.6,27.7,4.4,,123.0,5.5,27.8,1010.6,
2023-08-01,23.5,18.2,30.7,7.2,,75.0,3.5,20.4,1010.3,
2023-08-02,23.8,18.4,30.0,0.1,,90.0,4.9,24.1,1008.4,
2023-08-03,24.2,19.9,30.6,0.6,,200.0,4.3,24.1,1009.2,
2023-08-04,24.6,18.8,30.3,0.0,,292.0,4.5,24.1,1014.6,
2023-08-05,26.5,18.4,32.4,0.0,,56.0,6.3,27.8,1017.3,
2023-08-06,29.0,22.0,35.7,0.0,,74.0,14.0,46.3,1012.1,
2023-08-07,28.4,23.6,35.5,8.8,,125.0,16.7,46.3,1004.5,
2023-08-08,22.4,18.3,27.2,0.0,,309.0,9.1,27.8,1011.1,
2023-08-09,21.3,17.7,25.9,1.7,,325.0,9.1,27.8,1015.3,
2023-08-10,22.6,15.7,29.1,0.3,,23.0,12.4,35.2,1018.0,
2023-08-11,21.2,19.5,22.7,29.0,,67.0,8.5,27.8,1014.1,
2023-08-12,20.3,18.4,24.5,0.1,,225.0,9.6,33.3,1013.7,
2023-08-13,20.7,14.5,27.2,0.0,,246.0,7.1,31.5,1019.3,
2023-08-14,22.5,15.4,28.8,0.0,,286.0,5.1,24.1,1022.4,
2023-08-15,24.4,16.6,31.1,0.0,,301.0,4.9,25.9,1023.0,
2023-08-16,24.7,18.3,30.1,0.0,,358.0,7.2,29.6,1021.4,
2023-08-17,22.9,16.6,29.5,0.0,,19.0,8.3,27.8,1020.7,
2023-08-18,24.5,16.9,31.3,0.3,,16.0,8.7,29.6,1020.4,
2023-08-19,27.0,18.7,34.8,0.0,,23.0,8.0,27.8,1019.9,
2023-08-20,26.9,18.5,35.3,0.0,,344.0,4.4,20.4,1017.9,
2023-08-21,23.1,18.3,30.4,3.5,,318.0,5.8,27.8,1014.6,
2023-08-22,21.0,17.2,26.8,0.5,,272.0,10.4,40.8,1013.4,
2023-08-23,20.2,16.4,25.5,0.0,,286.0,11.0,37.0,1014.4,
2023-08-24,19.8,13.9,25.8,0.0,,291.0,6.8,33.3,1015.6,
2023-08-25,20.7,14.3,25.6,0.0,,308.0,5.6,27.8,1015.1,
2023-08-26,21.5,14.0,27.6,0.0,,152.0,5.7,20.4,1017.0,
2023-08-27,25.5,20.0,31.5,0.0,,268.0,6.5,24.1,1011.3,
2023-08-28,24.8,19.1,31.0,0.0,,317.0,6.0,29.6,1008.8,
2023-08-29,22.0,18.3,28.0,0.0,,89.0,6.9,24.1,1011.5,
2023-08-30,23.0,17.6,29.7,0.0,,101.0,8.5,25.9,1013.6,
2023-08-31,23.3,14.9,30.9,0.0,,96.0,8.0,31.5,1013.5,
2023-09-01,22.6,17.7,31.8,1.1,,123.0,5.9,25.9,1012.9,
2023-09-02,20.0,17.1,25.7,0.0,,308.0,10.4,35.2,1017.3,
2023-09-03,19.9,13.2,26.5,0.0,,2.0,7.1,27.8,1019.5,
2023-09-04,20.7,13.6,27.0,0.0,,11.0,11.5,37.0,1017.5,
2023-09-05,20.5,16.1,25.5,7.4,,17.0,10.6,31.5,1019.9,
2023-09-06,19.9,14.3,26.6,0.0,,320.0,6.9,25.9,1020.2,
2023-09-07,16.7,13.8,22.1,0.0,,353.0,10.8,33.3,1021.9,
2023-09-08,15.1,8.2,21.5,0.0,,301.0,8.5,35.2,1021.4,
2023-09-09,12.9,10.8,16.8,0.0,,3.0,9.0,31.5,1018.8,
2023-09-10,14.8,8.5,21.0,0.0,,321.0,7.3,29.6,1022.0,
2023-09-11,15.5,10.7,22.9,0.0,,330.0,4.9,29.6,1019.3,
2023-09-12,16.5,11.4,23.3,0.0,,16.0,4.9,27.8,1018.6,
2023-09-13,15.2,7.8,22.8,0.0,,31.0,3.9,27.8,1020.1,
2023-09-14,15.3,7.7,23.6,0.0,,74.0,5.8,27.8,1019.0,
2023-09-15,13.8,11.9,15.5,5.2,,70.0,9.6,,1019.0,
2023-09-16,15.4,7.1,24.1,0.0,,5.0,6.1,,1024.3,
2023-09-17,16.2,9.0,24.6,0.0,,13.0,4.2,,1026.4,
2023-09-18,16.4,9.5,24.9,0.0,,324.0,2.4,,1024.7,
2023-09-19,17.2,9.0,25.7,0.0,,135.0,5.3,,1022.1,
2023-09-20,19.4,11.1,26.7,0.0,,120.0,6.9,,1021.0,
2023-09-21,19.4,12.4,26.7,0.0,,95.0,5.9,,1021.2,
2023-09-22,19.2,10.9,27.4,0.0,,93.0,9.9,,1022.6,
2023-09-23,20.2,15.3,27.0,0.0,,92.0,11.7,,1023.7,
2023-09-24,19.4,12.3,28.3,0.0,,79.0,7.9,,1023.8,
2023-09-25,18.0,8.7,28.2,0.0,,40.0,3.5,,1026.7,
2023-09-26,19.6,13.1,27.6,0.0,,25.0,4.7,,1028.0,
2023-09-27,19.2,10.6,28.3,0.0,,35.0,6.4,,1027.5,
2023-09-28,17.6,14.0,26.7,0.0,,48.0,8.1,,1026.6,
2023-09-29,16.9,10.1,26.6,0.0,,27.0,4.2,,1025.0,
2023-09-30,16.3,8.1,27.0,0.0,,32.0,2.1,,1021.2,
2023-10-01,16.7,7.9,27.6,0.0,,319.0,3.1,,1016.1,
2023-10-02,13.5,11.7,16.7,0.5,,323.0,10.7,,1016.1,
2023-10-03,11.8,7.1,18.3,0.0,,310.0,7.2,,1022.4,
2023-10-04,14.6,5.6,23.3,0.0,,216.0,7.5,,1020.7,
2023-10-05,13.6,10.7,19.6,0.0,,283.0,7.1,,1020.6,
2023-10-06,11.2,8.4,16.4,3.6,,255.0,12.4,,1016.1,
2023-10-07,9.2,2.7,13.4,7.4,,229.0,15.8,,1012.1,
2023-10-08,9.0,6.0,11.3,4.0,,262.0,19.0,,1002.6,
2023-10-09,4.9,4.3,7.5,0.0,,267.0,17.3,,1010.9,
2023-10-10,4.4,1.3,10.5,1.3,,277.0,9.9,,1017.5,
2023-10-11,3.7,-2.1,10.8,0.0,,282.0,5.5,,1027.9,
2023-10-12,9.5,3.1,15.8,0.0,,187.0,19.7,,1022.2,
2023-10-13,10.8,9.4,16.1,2.0,,233.0,8.1,,1017.7,
2023-10-14,13.0,7.5,19.9,0.0,,173.0,7.2,,1019.7,
2023-10-15,14.1,8.9,20.9,0.0,,169.0,8.9,,1011.4,
2023-10-16,8.9,4.9,14.1,12.2,,265.0,13.2,,1004.3,
2023-10-17,6.2,3.7,9.0,0.3,,260.0,16.6,,1016.0,
2023-10-18,6.1,0.2,12.3,0.0,,231.0,8.8,,1019.5,
2023-10-19,7.8,4.5,12.0,0.5,,199.0,9.1,,1014.5,
2023-10-20,11.0,8.0,14.4,21.5,,171.0,12.7,,1007.8,
2023-10-21,10.7,7.0,15.7,3.3,,56.0,11.3,,1010.3,
2023-10-22,8.3,6.0,11.1,0.0,,105.0,16.2,,1018.8,
2023-10-23,14.4,10.4,21.0,0.7,,226.0,11.4,,1010.5,
2023-10-24,11.0,8.5,14.1,1.2,,287.0,12.0,,1013.0,
2023-10-25,6.1,2.9,8.0,11.3,,65.0,10.8,,1014.3,
2023-10-26,7.8,6.5,8.6,29.7,,97.0,14.4,,1003.9,
2023-10-27,9.7,7.7,15.2,6.4,,124.0,8.9,,1001.3,
2023-10-28,13.9,9.6,18.1,4.1,,201.0,23.0,,995.0,
2023-10-29,9.6,6.0,12.9,0.0,,269.0,14.6,,1012.5,
2023-10-30,12.2,4.9,19.2,0.0,,168.0,11.7,,1019.9,
2023-10-31,14.3,9.9,21.5,0.0,,180.0,10.3,,1017.5,
2023-11-01,14.0,8.9,19.1,10.6,,138.0,10.2,,1011.0,
2023-11-02,10.1,5.5,13.5,2.1,,259.0,11.2,,1010.7,
2023-11-03,6.6,1.9,10.7,0.0,,62.0,8.9,,1015.8,
2023-11-04,11.6,9.6,14.8,0.5,,112.0,17.9,,1011.0,
2023-11-05,13.5,11.0,15.5,1.6,,141.0,14.9,,1004.0,
2023-11-06,12.2,10.4,14.2,1.4,,199.0,12.4,,1002.8,
2023-11-07,10.2,7.4,14.9,0.0,,243.0,11.9,,1015.3,
2023-11-08,9.0,5.5,12.0,9.6,,159.0,9.6,,1014.5,
2023-11-09,7.7,7.0,10.8,8.9,,283.0,16.2,,1009.9,
2023-11-10,5.5,3.3,9.1,0.0,,234.0,7.3,,1023.3,
2023-11-11,5.2,2.1,8.3,2.8,,103.0,16.2,,1016.4,
2023-11-12,10.0,7.4,14.1,7.6,,169.0,22.6,,998.9,
2023-11-13,7.2,4.6,8.6,0.0,,224.0,14.3,,1010.8,
2023-11-14,5.5,0.8,9.6,3.8,,194.0,8.9,,1010.3,
2023-11-15,8.2,5.6,10.1,4.6,,226.0,10.8,,1003.1,
2023-11-16,7.1,5.7,9.4,2.3,,235.0,5.2,,1006.7,
2023-11-17,4.4,2.9,5.4,1.5,,346.0,9.5,,1014.2,
2023-11-18,1.2,-1.5,2.7,0.0,,52.0,15.1,,1020.7,
2023-11-19,-0.5,-2.1,1.2,0.5,,35.0,17.0,,1016.8,
2023-11-20,-2.1,-3.0,-0.9,9.1,99.0,2.0,15.1,,1006.3,
2023-11-21,-4.8,-9.0,-1.6,0.0,71.0,312.0,10.7,,1014.2,
2023-11-22,-5.5,-9.5,-3.0,0.2,71.0,301.0,4.6,,1020.4,
2023-11-23,-5.7,-7.7,-2.6,0.5,,242.0,15.5,,1013.9,
2023-11-24,2.7,-4.8,3.9,1.7,30.0,219.0,19.2,,991.0,
2023-11-25,1.2,-0.8,3.3,0.5,10.0,256.0,8.0,,999.0,
2023-11-26,2.6,0.8,7.5,25.7,,49.0,16.0,,988.5,
2023-11-27,0.8,-2.2,7.0,5.3,,199.0,25.1,,987.7,
2023-11-28,-2.0,-4.3,0.7,0.1,30.0,180.0,14.6,,1009.8,
2023-11-29,3.1,-0.3,6.3,17.0,,133.0,22.5,,1003.4,
2023-11-30,-1.0,-3.3,1.0,0.0,,215.0,12.6,,1014.3,
2023-12-01,-0.1,-3.9,3.9,8.9,10.0,174.0,14.0,,1008.6,
2023-12-02,-0.1,-0.5,0.8,0.4,,56.0,10.2,,1010.2,
2023-12-03,1.9,-0.8,6.4,1.0,10.0,203.0,16.7,,1006.3,
2023-12-04,-2.6,-4.4,-0.6,0.0,,272.0,12.0,,1021.4,
2023-12-05,-2.3,-3.6,-1.7,0.0,,244.0,6.7,,1027.4,
2023-12-06,-2.8,-4.3,-0.8,0.0,,67.0,13.2,,1027.7,
2023-12-07,-2.6,-3.9,-1.9,0.8,10.0,73.0,16.1,,1027.7,
2023-12-08,-3.4,-4.0,-2.6,2.8,10.0,75.0,22.0,,1027.0,
2023-12-09,-3.6,-4.4,-2.9,3.8,,66.0,14.0,,1023.8,
2023-12-10,-3.5,-4.4,-2.6,0.6,,87.0,13.1,,1022.8,
2023-12-11,-2.9,-4.3,-0.7,1.7,,111.0,13.1,,1021.8,
2023-12-12,-0.8,-2.8,0.6,11.9,150.0,113.0,15.1,,1016.9,
2023-12-13,-5.7,-7.7,-2.9,0.1,,103.0,15.2,,1020.2,
2023-12-14,-3.8,-8.0,1.5,14.9,,113.0,20.7,,1016.3,
2023-12-15,-1.9,-5.7,2.2,2.3,,269.0,13.0,,1016.5,
2023-12-16,-2.3,-4.0,0.0,0.0,140.0,265.0,9.3,,1029.2,
2023-12-17,0.1,-3.8,2.3,1.0,,226.0,13.2,,1024.5,
2023-12-18,2.5,1.6,2.8,1.7,99.0,260.0,10.4,,1019.0,
2023-12-19,2.9,2.3,4.1,0.0,,228.0,10.8,,1019.2,
2023-12-20,5.9,3.5,8.3,0.0,20.0,201.0,16.9,,1011.7,
2023-12-21,5.4,1.4,7.3,0.0,,209.0,9.7,,1004.0,
2023-12-22,3.0,0.3,5.2,1.9,,142.0,9.5,,993.5,
2023-12-23,1.6,0.2,3.5,0.8,,238.0,9.8,,988.8,
2023-12-24,0.1,-1.5,0.5,0.5,,246.0,13.6,,996.1,
2023-12-25,-6.9,-8.3,-5.7,2.0,,214.0,15.2,,999.7,
2023-12-26,4.2,2.7,5.5,1.8,,245.0,19.8,,1003.1,
2023-12-27,5.4,2.2,7.6,0.5,,255.0,21.1,,1006.4,
2023-12-28,1.4,0.1,2.9,0.0,,261.0,15.0,,1020.2,
2023-12-29,3.4,0.8,5.3,0.0,,220.0,13.9,,1015.0,
2023-12-30,4.5,1.7,6.2,0.0,,213.0,12.0,,1013.0,
2023-12-31,4.1,2.8,6.0,0.0,,251.0,16.1,,1012.0,
2024-01-01,1.8,-0.7,5.0,0.5,,190.0,10.5,,1015.8,
2024-01-02,3.2,-2.6,6.3,0.8,,219.0,17.2,,1004.1,
2024-01-03,-7.1,-8.9,-4.9,0.3,10.0,359.0,12.0,,1009.4,
2024-01-04,-6.4,-7.2,-3.7,9.9,79.0,69.0,11.3,,1001.1,
2024-01-05,-4.9,-7.5,-2.0,1.8,79.0,33.0,9.8,,1005.5,
2024-01-06,-4.5,-7.4,-1.1,0.4,,210.0,8.7,,1017.2,
2024-01-07,-6.7,-12.2,-1.3,0.0,,33.0,15.9,,1018.1,
2024-01-08,-14.2,-15.6,-12.9,0.0,79.0,35.0,20.6,,1022.7,
2024-01-09,-14.4,-18.7,-9.4,0.0,79.0,303.0,10.9,,1026.5,
2024-01-10,-4.2,-12.4,-1.2,0.5,79.0,266.0,14.7,,1019.9,
2024-01-11,-2.0,-2.7,-1.3,1.0,79.0,246.0,19.4,,1007.6,
2024-01-12,-10.9,-13.1,-9.2,0.1,89.0,305.0,14.3,,1012.3,
2024-01-13,-13.5,-17.1,-8.0,0.0,89.0,143.0,7.6,,1018.0,
2024-01-14,-8.3,-13.6,-4.9,1.1,,139.0,14.2,,1011.9,
2024-01-15,-2.8,-5.8,-1.3,2.0,119.0,174.0,11.8,,1004.4,
2024-01-16,0.1,-3.1,2.3,5.1,89.0,222.0,13.6,,1000.3,
2024-01-17,-7.2,-11.4,-3.0,0.0,99.0,255.0,11.6,,1017.5,
2024-01-18,-3.3,-11.6,4.4,4.7,,127.0,18.7,,1012.2,
2024-01-19,4.2,2.1,5.7,20.1,61.0,281.0,9.1,,1002.9,
2024-01-20,-2.1,-5.5,1.3,7.8,,322.0,16.3,,1015.5,
2024-01-21,-5.3,-7.5,-3.1,0.0,89.0,49.0,5.8,,1029.9,
2024-01-22,-6.8,-8.8,-4.0,0.0,99.0,86.0,6.6,,1039.2,
2024-01-23,-6.1,-8.9,-3.8,0.0,99.0,162.0,12.2,,1033.4,
2024-01-24,-3.4,-6.7,-1.8,0.0,,172.0,11.6,,1024.7,
2024-01-25,-0.9,-2.6,0.7,1.8,79.0,148.0,12.6,,1008.2,
2024-01-26,1.2,0.6,2.5,1.5,79.0,175.0,2.7,,1009.1,
2024-01-27,1.5,0.8,2.7,0.5,30.0,352.0,1.8,,1015.8,
2024-01-28,1.0,-0.1,1.8,0.0,30.0,358.0,8.6,,1027.6,
2024-01-29,0.1,-2.6,1.7,0.0,30.0,342.0,8.0,,1038.4,
2024-01-30,-0.7,-3.6,2.4,0.0,20.0,262.0,10.7,,1037.4,
2024-01-31,0.5,-2.8,5.4,0.0,20.0,242.0,6.5,,1030.5,
2024-02-01,1.5,-1.3,4.8,0.0,20.0,241.0,12.6,,1018.2,
2024-02-02,1.3,-1.3,3.6,0.0,20.0,261.0,16.3,,1011.6,
2024-02-03,0.0,-2.0,1.6,2.3,10.0,221.0,16.0,,1007.3,
2024-02-04,2.9,0.8,4.8,1.0,10.0,250.0,17.7,,1000.1,
2024-02-05,1.5,0.5,3.4,2.3,10.0,242.0,16.6,,992.8,
2024-02-06,0.0,-1.7,2.9,0.5,10.0,262.0,14.0,,1001.2,
2024-02-07,4.4,0.5,7.6,1.2,,213.0,18.8,,996.9,
2024-02-08,2.3,-1.9,7.2,0.9,,291.0,14.1,,1002.8,
2024-02-09,-2.8,-3.7,-1.4,6.4,10.0,72.0,10.2,,1009.5,
2024-02-10,-1.9,-3.0,-0.5,6.1,140.0,79.0,14.7,,1012.3,
2024-02-11,0.3,-1.1,2.6,2.3,,94.0,15.9,,1013.6,
2024-02-12,6.9,1.1,10.0,2.3,79.0,137.0,11.3,,1010.3,
2024-02-13,7.2,5.1,9.0,0.5,,93.0,7.1,,1012.5,
2024-02-14,6.1,3.1,9.4,0.0,,80.0,13.1,,1017.1,
2024-02-15,1.3,-1.1,3.3,0.0,,91.0,19.6,,1025.5,
2024-02-16,-2.6,-4.0,-1.6,0.3,,89.0,14.6,,1031.6,
2024-02-17,-2.8,-5.1,0.7,0.0,,113.0,9.3,,1031.2,
2024-02-18,-1.1,-3.5,1.0,2.1,,213.0,9.5,,1025.8,
2024-02-19,-1.0,-3.0,1.9,0.0,20.0,359.0,9.9,,1028.9,
2024-02-20,-1.9,-2.6,0.7,0.0,20.0,118.0,9.8,,1029.6,
2024-02-21,-1.6,-3.4,-0.4,3.6,20.0,144.0,13.3,,1025.9,
2024-02-22,0.2,-0.9,2.0,8.9,109.0,149.0,11.0,,1022.4,
2024-02-23,0.1,-1.8,1.7,0.0,109.0,129.0,16.6,,1025.0,
2024-02-24,2.5,-0.5,5.7,0.0,79.0,116.0,18.6,,1029.7,
2024-02-25,1.3,-1.1,5.8,0.0,30.0,113.0,20.0,,1031.8,
2024-02-26,0.2,-3.5,5.1,0.0,20.0,106.0,17.5,,1028.7,
2024-02-27,1.0,-4.2,8.3,0.0,10.0,104.0,16.8,,1030.1,
2024-02-28,1.8,-3.6,8.9,0.0,,112.0,14.2,,1032.1,
2024-02-29,2.1,-3.5,9.5,0.0,,106.0,8.7,,1029.6,
2024-03-01,1.9,-2.3,7.4,0.0,,86.0,8.8,,1027.3,
2024-03-02,2.6,-2.6,8.7,0.0,,73.0,15.5,,1023.9,
2024-03-03,2.1,-0.1,4.6,0.0,,76.0,20.9,,1023.2,
2024-03-04,2.9,-0.4,8.5,0.0,,88.0,15.3,,1023.1,
2024-03-05,2.8,-2.1,10.1,0.0,,74.0,9.1,,1019.9,
2024-03-06,-0.9,-2.2,1.4,0.0,,38.0,15.2,,1021.7,
2024-03-07,-1.1,-2.2,0.3,0.0,,42.0,10.8,,1024.7,
2024-03-08,0.7,-1.9,5.7,0.0,,270.0,7.8,,1020.4,
2024-03-09,1.8,-1.5,5.9,0.0,,345.0,8.3,,1018.1,
2024-03-10,0.6,-3.5,5.8,0.0,,357.0,8.0,,1020.5,
2024-03-11,-2.6,-7.0,2.7,0.0,10.0,54.0,10.1,,1029.1,
2024-03-12,0.0,-7.7,7.2,0.0,,86.0,7.0,,1028.2,
2024-03-13,2.4,-0.9,6.7,0.0,,85.0,19.1,,1024.6,
2024-03-14,1.9,0.1,3.2,0.3,,87.0,16.8,,1021.4,
2024-03-15,3.5,2.0,4.8,0.0,,78.0,10.8,,1021.9,
2024-03-16,3.9,2.4,5.3,2.3,,89.0,4.9,,1021.9,
2024-03-17,5.6,3.7,8.0,0.3,,160.0,5.3,,1019.1,
2024-03-18,7.6,5.8,10.7,0.0,,120.0,9.1,,1015.3,
2024-03-19,6.4,4.4,10.5,1.8,,83.0,10.7,,1016.7,
2024-03-20,6.8,3.0,11.1,0.6,,70.0,14.0,,1020.1,
2024-03-21,2.7,0.5,8.9,0.0,,76.0,11.0,,1022.8,
2024-03-22,2.2,-1.1,7.7,0.0,,47.0,5.7,,1019.9,
2024-03-23,5.2,-3.2,12.3,0.0,,213.0,10.4,,1013.8,
2024-03-24,9.5,4.8,15.0,0.0,,182.0,19.2,,1008.0,
2024-03-25,8.4,4.4,12.7,0.0,,127.0,12.1,,1005.0,
2024-03-26,7.2,4.8,14.0,0.0,,53.0,9.6,,1006.5,
2024-03-27,6.7,4.6,10.3,0.0,,334.0,8.7,,1015.5,
2024-03-28,8.1,1.2,14.1,0.2,,129.0,15.3,,1016.3,
2024-03-29,12.0,8.0,15.8,5.0,,203.0,13.2,,1008.5,
2024-03-30,12.6,7.7,17.1,0.0,,253.0,14.2,,1016.6,
2024-03-31,15.8,8.6,22.4,0.0,,168.0,11.3,,1019.2,
2024-04-01,17.1,10.0,23.7,0.0,,159.0,17.7,,1015.8,
2024-04-02,17.7,11.7,23.1,0.0,,156.0,20.2,,1007.1,
2024-04-03,14.1,11.9,18.1,0.0,,218.0,18.5,,1004.6,
2024-04-04,10.2,7.1,17.6,0.1,,252.0,14.7,,1011.4,
2024-04-05,7.4,4.9,12.7,0.0,,331.0,9.7,,1018.9,
2024-04-06,10.7,1.4,19.9,0.5,,143.0,7.4,,1019.0,
2024-04-07,15.2,6.3,23.5,0.0,,270.0,4.7,,1019.8,
2024-04-08,15.9,7.6,23.7,0.0,,270.0,6.3,,1022.8,
2024-04-09,17.4,9.1,25.7,0.0,,200.0,5.3,,1020.5,
2024-04-10,19.0,8.9,28.5,0.0,,5.0,3.2,,1019.8,
2024-04-11,20.5,10.3,30.0,0.0,,296.0,5.2,,1022.2,
2024-04-12,17.5,13.2,22.5,0.0,,301.0,10.7,,1020.9,
2024-04-13,14.4,8.3,19.3,0.0,,294.0,10.6,,1017.8,
2024-04-14,15.6,10.6,20.8,0.2,,267.0,8.1,,1013.8,
2024-04-15,14.8,11.9,18.7,3.5,,260.0,16.8,,1007.9,
2024-04-16,12.4,9.9,16.3,2.3,,65.0,5.8,,1004.7,
2024-04-17,16.4,11.5,22.7,0.0,,158.0,13.1,,1000.1,
2024-04-18,16.1,13.9,19.7,7.4,,141.0,9.9,,999.1,
2024-04-19,10.2,7.7,14.5,0.2,,220.0,19.9,,1005.3,
2024-04-20,12.2,4.9,18.4,5.5,,62.0,10.6,,1015.5,
2024-04-21,15.0,11.5,23.1,2.3,,110.0,24.5,,1006.0,
2024-04-22,11.3,7.5,17.5,0.2,,217.0,17.7,,1015.9,
2024-04-23,11.6,8.2,17.1,0.8,,351.0,7.5,,1022.0,
2024-04-24,11.8,8.6,14.5,1.9,,91.0,18.7,,1015.6,
2024-04-25,17.1,11.3,23.4,0.2,,101.0,9.2,,1007.2,
2024-04-26,16.2,13.9,21.0,2.0,,104.0,6.6,,1009.4,
2024-04-27,16.2,13.0,20.8,0.0,,274.0,10.2,,1017.6,
2024-04-28,14.1,7.6,20.9,0.0,,342.0,12.0,,1023.6,
2024-04-29,16.5,10.8,21.1,0.0,,3.0,19.7,,1026.6,
2024-04-30,15.8,9.4,23.3,0.0,,41.0,10.1,,1032.6,
2024-05-01,17.0,8.2,24.1,0.0,,334.0,7.3,,1024.8,
2024-05-02,17.4,8.1,26.0,0.0,,340.0,8.9,,1014.6,
2024-05-03,13.1,9.9,17.7,0.0,,30.0,14.4,,1012.5,
2024-05-04,8.9,3.3,15.1,0.0,,54.0,10.8,,1016.7,
2024-05-05,14.7,4.7,21.5,0.0,,237.0,13.4,,1013.0,
2024-05-06,19.2,10.8,26.4,6.8,,234.0,9.7,,1009.5,
2024-05-07,17.2,11.8,23.1,9.1,,222.0,19.1,,1007.4,
2024-05-08,8.5,3.9,15.1,0.0,,327.0,15.1,,1018.2,
2024-05-09,8.8,4.3,14.5,0.0,,339.0,8.9,,1023.1,
2024-05-10,10.8,0.2,18.6,0.0,,262.0,8.1,,1021.6,
2024-05-11,13.7,9.7,19.1,0.2,,276.0,13.0,,1012.7,
2024-05-12,9.5,3.9,15.6,0.0,,329.0,13.5,,1016.2,
2024-05-13,7.6,5.5,12.3,0.0,,28.0,10.1,,1018.9,
2024-05-14,9.6,3.5,13.8,0.0,,47.0,12.4,,1020.6,
2024-05-15,11.9,7.8,16.2,0.0,,52.0,14.7,,1023.3,
2024-05-16,12.3,7.5,18.7,0.0,,33.0,6.3,,1025.8,
2024-05-17,11.4,6.3,16.3,0.8,,271.0,9.6,,1021.0,
2024-05-18,15.5,7.7,22.9,0.1,,342.0,4.0,,1017.6,
2024-05-19,16.7,12.7,24.1,0.0,,34.0,4.8,,1016.8,
2024-05-20,18.7,9.7,26.5,0.0,,142.0,4.5,,1018.0,
2024-05-21,19.7,12.9,27.4,0.3,,63.0,5.6,,1019.5,
2024-05-22,20.1,11.5,28.1,1.6,,33.0,3.4,,1018.8,
2024-05-23,19.5,12.5,28.3,2.4,,39.0,9.1,,1019.1,
2024-05-24,18.8,13.3,24.0,0.0,,69.0,17.8,,1025.4,
2024-05-25,18.0,10.0,24.1,0.0,,68.0,13.3,,1027.8,
2024-05-26,19.0,10.1,25.2,0.0,,50.0,9.3,,1023.7,
2024-05-27,20.9,9.6,28.7,0.0,,50.0,11.5,,1021.8,
2024-05-28,21.9,11.0,29.5,0.0,,74.0,11.4,,1020.7,
2024-05-29,22.3,15.3,28.4,0.0,,80.0,13.2,,1015.8,
2024-05-30,21.2,16.3,27.6,5.9,,145.0,9.7,,1012.5,
2024-05-31,21.7,15.8,27.0,1.7,,59.0,5.0,,1013.4,
2024-06-01,23.7,15.3,30.7,0.0,,247.0,6.8,,1015.1,
2024-06-02,25.2,17.0,31.7,0.0,,209.0,10.8,,1014.5,
2024-06-03,25.1,19.8,30.4,0.4,,229.0,11.9,,1012.1,
2024-06-04,23.1,16.9,30.6,0.1,,227.0,7.9,,1012.9,
2024-06-05,22.6,19.8,28.0,2.3,,162.0,8.3,,1011.7,
2024-06-06,22.4,16.3,26.9,3.0,,278.0,11.8,,1009.7,
2024-06-07,23.0,16.8,28.9,0.0,,285.0,15.2,,1012.3,
2024-06-08,22.5,17.3,30.7,1.1,,295.0,6.8,,1012.5,
2024-06-09,23.7,16.2,28.9,0.0,,293.0,6.7,,1010.9,
2024-06-10,25.8,17.0,32.5,0.0,,143.0,8.5,,1011.1,
2024-06-11,26.2,21.8,32.1,0.1,,176.0,10.7,,1010.6,
2024-06-12,23.7,21.5,31.9,5.1,,148.0,12.2,,1009.5,
2024-06-13,19.2,16.9,22.7,0.0,,252.0,11.6,,1011.1,
2024-06-14,21.9,14.5,28.4,0.0,,1.0,6.4,,1012.0,
2024-06-15,21.1,17.7,25.3,11.4,,38.0,13.5,,1009.3,
2024-06-16,21.2,18.9,25.2,5.6,,64.0,14.1,,1007.0,
2024-06-17,21.7,19.0,26.2,6.1,,179.0,11.5,,1008.7,
2024-06-18,24.2,19.2,29.0,0.0,,259.0,11.0,,1014.6,
2024-06-19,24.9,17.8,30.9,0.0,,281.0,6.2,,1018.1,
2024-06-20,21.1,16.4,32.1,2.3,,240.0,16.3,,1012.6,
2024-06-21,20.1,14.3,25.5,0.0,,282.0,16.8,,1014.5,
2024-06-22,22.0,15.6,27.5,0.0,,291.0,9.5,,1011.9,
2024-06-23,24.1,17.2,31.0,13.6,,261.0,7.3,,1009.4,
2024-06-24,22.2,19.3,26.7,7.1,,288.0,13.4,,1008.3,
2024-06-25,17.5,16.0,23.2,4.3,,326.0,11.3,,1012.3,
2024-06-26,18.5,13.0,23.7,0.2,,299.0,11.3,,1014.7,
2024-06-27,20.1,15.3,26.5,0.2,,342.0,9.1,,1014.2,
2024-06-28,22.7,14.3,28.9,0.0,,356.0,8.3,,1015.3,
2024-06-29,23.8,16.4,30.1,0.0,,31.0,5.2,,1016.7,
2024-06-30,25.6,17.1,32.8,0.0,,303.0,5.2,,1015.7,
2024-07-01,25.2,18.8,34.2,0.0,,349.0,4.7,,1012.8,
2024-07-02,27.3,19.6,34.2,0.0,,99.0,7.0,,1007.7,
2024-07-03,29.1,20.8,35.8,0.0,,103.0,7.7,,1005.3,
2024-07-04,28.9,20.3,35.9,0.0,,94.0,9.7,,1005.7,
2024-07-05,28.5,23.2,36.0,0.1,,324.0,10.0,,1005.8,
2024-07-06,23.5,18.6,28.9,0.0,,317.0,12.0,,1014.8,
2024-07-07,24.1,17.3,30.1,0.0,,35.0,13.1,,1019.3,
2024-07-08,26.6,18.2,34.3,0.0,,19.0,7.2,,1016.0,
2024-07-09,28.9,21.5,34.9,0.8,,46.0,8.0,,1016.0,
2024-07-10,28.4,21.7,36.1,0.0,,40.0,8.2,,1018.5,
2024-07-11,28.9,20.7,35.3,0.0,,44.0,7.5,,1018.4,
2024-07-12,27.8,22.3,33.2,0.0,,68.0,10.4,,1016.8,
2024-07-13,27.3,20.3,33.0,0.0,,70.0,4.9,,1015.0,
2024-07-14,28.8,21.8,35.1,0.1,,1.0,5.3,,1013.7,
2024-07-15,29.5,23.3,37.1,0.0,,341.0,7.8,,1013.2,
2024-07-16,29.9,22.5,36.2,0.0,,10.0,7.1,,1014.0,
2024-07-17,30.1,22.7,36.7,0.0,,12.0,7.1,,1014.9,
2024-07-18,30.0,22.7,37.6,0.0,,352.0,7.1,,1014.2,
2024-07-19,26.8,21.3,32.0,0.0,,324.0,11.6,,1011.8,
2024-07-20,26.2,19.0,31.1,0.0,,324.0,8.1,,1010.2,
2024-07-21,25.8,17.5,32.5,0.0,,332.0,6.2,,1009.9,
2024-07-22,25.6,21.5,30.9,0.0,,47.0,8.5,,1009.2,
2024-07-23,22.6,19.5,29.2,5.6,,353.0,8.7,,1009.3,
2024-07-24,20.9,16.2,25.6,0.0,,18.0,10.1,,1009.7,
2024-07-25,22.5,13.7,29.8,0.0,,356.0,5.2,,1008.6,
2024-07-26,24.1,16.7,30.4,0.0,,36.0,7.5,,1009.0,
2024-07-27,24.4,16.0,31.6,0.0,,2.0,5.7,,1014.9,
2024-07-28,25.2,17.5,32.0,0.2,,282.0,6.7,,1015.9,
2024-07-29,22.5,19.6,27.4,0.2,,259.0,11.2,,1008.8,
2024-07-30,19.4,16.2,23.9,0.5,,258.0,14.6,,1003.0,
2024-07-31,21.0,15.9,26.6,0.6,,280.0,13.1,,1007.4,
2024-08-01,21.9,13.8,28.4,0.0,,269.0,9.7,,1009.4,
2024-08-02,22.8,15.5,28.7,0.0,,300.0,9.2,,1006.5,
2024-08-03,23.8,14.4,30.1,0.0,,6.0,5.5,,1006.2,
2024-08-04,21.4,18.3,28.1,6.4,,221.0,9.7,,1003.9,
2024-08-05,21.3,16.7,27.8,0.9,,348.0,8.0,,1007.3,
2024-08-06,22.6,16.3,29.2,0.0,,344.0,6.1,,1008.3,
2024-08-07,22.6,16.5,29.8,1.4,,311.0,6.3,,1009.6,
2024-08-08,22.3,16.5,28.5,0.1,,288.0,9.1,,1010.8,
2024-08-09,23.0,16.9,30.0,0.0,,304.0,7.9,,1013.0,
2024-08-10,22.9,16.5,29.2,0.4,,305.0,5.3,,1013.8,
2024-08-11,23.4,17.7,28.6,0.4,,283.0,12.7,,1012.0,
2024-08-12,19.7,15.1,23.8,0.3,,280.0,16.1,,1010.2,
2024-08-13,18.1,13.9,24.5,0.6,,291.0,11.5,,1010.3,
2024-08-14,19.6,12.4,26.9,0.3,,300.0,11.2,,1015.3,
2024-08-15,20.1,14.4,27.5,0.3,,311.0,8.8,,1016.8,
2024-08-16,21.1,13.3,28.3,0.0,,311.0,7.6,,1017.3,
2024-08-17,21.6,12.5,30.5,0.0,,325.0,2.8,,1016.2,
2024-08-18,23.7,14.0,32.7,0.0,,105.0,4.3,,1014.1,
2024-08-19,25.2,15.1,34.6,0.0,,71.0,4.9,,1013.6,
2024-08-20,29.1,15.3,36.2,0.0,,87.0,4.1,,1013.9,
2024-08-21,26.3,15.9,36.1,0.0,,67.0,6.6,,1011.4,
2024-08-22,27.4,17.0,35.6,0.0,,77.0,9.0,,1008.4,
2024-08-23,25.3,22.7,32.1,0.0,,61.0,6.2,,1010.8,
2024-08-24,26.6,17.7,34.1,0.0,,30.0,8.7,,1015.3,
2024-08-25,27.3,19.6,35.5,0.0,,45.0,7.5,,1017.2,
2024-08-26,27.4,18.8,35.7,0.0,,30.0,9.4,,1016.4,
2024-08-27,26.1,20.0,32.1,0.0,,74.0,14.0,,1017.5,
2024-08-28,26.5,21.1,32.9,,,69.0,14.7,,1018.7,
2024-08-29,26.3,19.5,33.2,,,61.0,13.8,,1018.6,
2024-08-30,25.9,19.1,32.9,,,63.0,14.1,,1017.6,
2024-08-31,26.6,20.1,32.9,,,66.0,14.6,,1017.8,
2024-09-01,25.6,21.0,31.5,,,70.0,13.8,,1018.6,
2024-09-02,24.8,18.5,32.1,,,67.0,14.7,,1018.5,
2024-09-03,23.9,17.1,29.1,,,53.0,15.4,,1018.4,
2024-09-04,23.9,17.8,30.1,,,63.0,14.8,,1018.6,
2024-09-05,22.2,17.6,28.9,0.0,,70.0,18.1,,1021.0,
2024-09-06,20.0,13.5,26.6,0.0,,74.0,16.5,,1026.3,
2024-09-07,19.6,11.6,26.5,0.0,,63.0,10.6,,1027.2,
2024-09-08,19.2,9.7,26.7,0.0,,64.0,8.4,,1024.0,
2024-09-09,20.4,15.7,25.2,0.0,,74.0,10.7,,1018.5,
2024-09-10,22.0,18.0,26.9,0.0,,92.0,13.3,,1011.9,
2024-09-11,22.9,17.4,29.3,0.3,,89.0,8.8,,1011.2,
2024-09-12,25.4,20.3,31.7,0.0,,95.0,14.6,,1012.5,
2024-09-13,23.5,20.2,27.4,0.0,,100.0,18.9,,1014.7,
2024-09-14,23.8,17.3,30.2,0.0,,94.0,18.8,,1016.1,
2024-09-15,23.5,18.3,28.8,0.0,,95.0,24.5,,1018.6,
2024-09-16,22.4,15.8,28.1,0.0,,77.0,20.0,,1019.1,
2024-09-17,21.1,15.5,26.5,0.0,,72.0,16.1,,1024.0,
2024-09-18,19.2,15.7,24.6,0.0,,71.0,18.8,,1026.2,
2024-09-19,16.7,10.7,24.7,0.0,,59.0,10.4,,1027.1,
2024-09-20,16.9,7.5,25.8,0.0,,10.0,7.4,,1024.0,
2024-09-21,16.7,8.6,25.7,0.0,,4.0,4.1,,1022.6,
2024-09-22,18.5,9.3,27.3,0.0,,349.0,5.4,,1019.1,
2024-09-23,18.4,11.9,25.6,0.0,,60.0,10.0,,1019.4,
2024-09-24,18.1,11.1,26.9,0.0,,82.0,5.9,,1021.5,
2024-09-25,17.3,11.2,25.7,0.0,,103.0,8.5,,1023.5,
2024-09-26,18.0,9.0,25.5,0.0,,117.0,9.4,,1022.3,
2024-09-27,19.7,15.7,25.4,0.0,,134.0,13.2,,1018.8,
2024-09-28,20.7,15.5,27.7,0.0,,129.0,13.1,,1018.9,
2024-09-29,20.2,14.3,25.6,0.0,,102.0,12.1,,1016.0,
2024-09-30,19.0,15.4,22.9,0.0,,83.0,12.7,,1011.9,
2024-10-01,19.5,14.1,25.1,0.0,,97.0,21.0,,1011.7,
2024-10-02,16.4,11.3,25.6,0.0,,65.0,7.5,,1015.0,
2024-10-03,14.6,5.1,25.9,0.0,,94.0,4.1,,1017.2,
2024-10-04,16.8,7.9,24.5,0.0,,136.0,6.6,,1017.8,
2024-10-05,19.5,14.9,26.4,0.0,,168.0,6.8,,1015.3,
2024-10-06,19.7,14.4,27.5,0.0,,118.0,8.8,,1012.6,
2024-10-07,16.1,13.7,23.1,1.9,,154.0,11.4,,1008.0,
2024-10-08,12.1,11.0,12.6,2.2,,250.0,20.7,,1011.1,
2024-10-09,11.5,8.9,16.5,0.0,,294.0,6.7,,1014.5,
2024-10-10,14.1,5.8,23.6,0.0,,83.0,8.0,,1012.3,
2024-10-11,16.1,9.8,23.7,0.0,,106.0,9.0,,1013.2,
2024-10-12,14.1,11.6,20.0,0.0,,116.0,18.5,,1016.4,
2024-10-13,8.8,5.7,13.2,0.0,,104.0,22.6,,1017.8,
2024-10-14,7.1,4.0,9.8,4.3,,136.0,10.6,,1014.8,
2024-10-15,9.3,6.0,11.8,0.0,,271.0,3.0,,1018.3,
2024-10-16,8.9,7.0,10.5,0.0,,321.0,7.1,,1022.5,
2024-10-17,6.9,5.4,7.8,0.0,,354.0,12.3,,1027.7,
2024-10-18,5.6,3.8,7.0,2.6,,0.0,13.2,,1027.4,
2024-10-19,5.6,4.9,7.7,5.1,,14.0,13.6,,1026.5,
2024-10-20,8.1,4.7,10.9,0.1,,340.0,12.4,,1027.6,
2024-10-21,8.8,5.9,16.9,0.0,,335.0,8.7,,1029.3,
2024-10-22,8.4,1.0,18.2,0.0,,299.0,4.2,,1030.2,
2024-10-23,11.4,4.2,18.7,0.0,,259.0,10.1,,1025.3,
2024-10-24,9.2,5.9,14.4,0.0,,291.0,12.2,,1027.3,
2024-10-25,8.4,7.3,11.6,3.0,,308.0,12.7,,1023.6,
2024-10-26,5.3,3.2,11.9,0.0,,341.0,2.8,,1028.8,
2024-10-27,8.9,5.4,12.7,0.0,,210.0,5.3,,1027.8,
2024-10-28,9.1,6.1,15.2,0.0,,260.0,4.7,,1020.4,
2024-10-29,8.9,3.3,14.5,0.2,,312.0,5.1,,1021.3,
2024-10-30,5.8,-0.6,12.8,0.0,,274.0,4.6,,1022.6,
2024-10-31,8.5,4.2,12.1,1.0,,267.0,12.9,,1015.4,
2024-11-01,8.5,4.3,11.1,0.0,,237.0,19.0,,1010.5,
2024-11-02,8.1,3.0,11.9,0.0,,275.0,23.4,,1007.3,
2024-11-03,3.4,2.0,5.8,0.4,,279.0,13.8,,1020.9,
2024-11-04,2.8,1.2,4.0,5.0,,271.0,27.2,,1007.8,
2024-11-05,1.9,-0.1,3.5,0.0,,288.0,16.4,,1024.0,
2024-11-06,5.7,2.7,7.4,2.0,,270.0,13.2,,1024.8,
2024-11-07,6.4,5.8,7.4,0.0,,277.0,9.7,,1029.5,
2024-11-08,5.6,4.7,6.3,0.0,,313.0,9.6,,1029.7,
2024-11-09,5.1,3.7,5.9,0.0,,352.0,6.3,,1034.0,
2024-11-10,3.2,2.2,3.8,0.0,,326.0,6.9,,1031.4,
2024-11-11,4.7,3.5,5.7,0.0,,29.0,4.7,,1031.7,
2024-11-12,3.5,2.0,4.7,0.0,,59.0,5.5,,1034.7,
2024-11-13,2.9,2.4,3.8,0.1,,77.0,2.4,,1031.5,
2024-11-14,0.9,0.5,2.2,8.9,71.0,180.0,3.3,,1022.6,
2024-11-15,0.6,0.3,0.8,0.3,61.0,236.0,7.7,,1016.0,
2024-11-16,2.0,0.2,4.5,0.0,61.0,259.0,8.0,,1018.7,
2024-11-17,3.8,2.0,7.0,0.5,,210.0,12.8,,1015.7,
2024-11-18,4.3,1.6,7.6,0.0,,195.0,13.4,,1010.7,
2024-11-19,2.3,0.3,5.0,0.0,,216.0,7.4,,1014.4,
2024-11-20,4.1,-0.8,7.5,0.0,,142.0,16.8,,1011.6,
2024-11-21,9.5,3.9,12.0,9.6,,169.0,28.6,,996.2,
2024-11-22,2.3,-0.2,4.8,0.1,,178.0,15.0,,1014.0,
2024-11-23,6.4,1.9,11.4,31.0,,202.0,22.0,,1004.9,
2024-11-24,0.1,-1.7,1.9,0.0,,320.0,18.8,,1025.1,
2024-11-25,-2.1,-3.8,-0.2,0.0,,16.0,11.8,,1032.7,
2024-11-26,-2.7,-4.5,-1.0,0.0,,38.0,8.8,,1028.1,
2024-11-27,0.4,-1.0,1.3,0.0,,13.0,3.4,,1024.1,
2024-11-28,-0.2,-1.2,0.5,0.0,,301.0,4.9,,1025.7,
2024-11-29,-1.0,-1.3,-0.3,0.0,,126.0,4.0,,1030.8,
2024-11-30,-0.4,-1.3,0.3,0.0,,345.0,3.0,,1035.5,
2024-12-01,-0.2,-0.8,1.0,0.0,,11.0,1.4,,1035.6,
2024-12-02,-0.4,-1.4,-0.2,0.0,,167.0,2.5,,1031.5,
2024-12-03,-2.2,-3.5,-1.2,0.0,,127.0,4.7,,1027.5,
2024-12-04,0.1,-1.7,0.4,0.0,,94.0,4.7,,1027.3,
2024-12-05,-0.6,-1.5,0.0,1.3,10.0,74.0,10.1,,1031.8,
2024-12-06,-1.5,-2.2,-1.0,1.8,30.0,103.0,15.0,,1031.2,
2024-12-07,-0.8,-1.8,0.3,2.0,51.0,117.0,15.9,,1029.6,
2024-12-08,-0.4,-1.9,0.7,0.0,,102.0,19.7,,1026.6,
2024-12-09,0.6,0.1,1.0,0.3,51.0,98.0,15.9,,1028.1,
2024-12-10,1.0,0.3,1.7,,,79.0,12.0,,1026.7,
2024-12-11,2.2,1.3,2.9,2.3,,26.0,9.2,,1020.8,
2024-12-12,-0.1,-1.5,1.1,,,310.0,11.1,,1018.7,
2024-12-13,-3.2,-5.9,-0.8,,,308.0,19.3,,1022.8,
2024-12-14,-5.3,-9.5,-2.6,0.0,41.0,251.0,14.6,,1026.1,
2024-12-15,-0.8,-4.7,1.0,4.8,41.0,221.0,15.4,,1009.6,
2024-12-16,1.0,-0.4,4.2,5.5,,244.0,19.3,,1004.8,
2024-12-17,2.9,1.8,3.6,0.5,41.0,267.0,19.9,,1002.9,
2024-12-18,-0.3,-3.5,3.5,0.0,20.0,289.0,19.2,,1010.4,
2024-12-19,-1.3,-5.1,3.5,1.8,,191.0,7.9,,1016.4,
2024-12-20,5.6,2.6,7.1,0.0,,188.0,10.3,,1011.2,
2024-12-21,5.1,3.4,5.9,2.8,,26.0,5.0,,1013.4,
2024-12-22,2.5,2.1,3.0,5.1,,45.0,5.1,,1012.6,
2024-12-23,4.2,2.2,5.1,3.8,,50.0,3.6,,1011.0,
2024-12-24,4.7,4.0,5.4,0.0,,18.0,1.1,,1020.1,
2024-12-25,3.2,1.5,4.5,0.0,,27.0,6.6,,1029.8,
2024-12-26,1.1,-0.6,1.8,0.0,,16.0,9.0,,1034.7,
2024-12-27,-0.8,-1.7,0.2,0.0,,41.0,5.9,,1031.7,
2024-12-28,-0.7,-1.9,0.5,0.0,,23.0,7.2,,1028.2,
2024-12-29,-0.5,-1.4,0.1,0.0,,263.0,4.0,,1027.7,
2024-12-30,-0.5,-0.9,-0.1,0.0,,237.0,12.0,,1023.3,
2024-12-31,1.0,0.0,2.2,0.0,,253.0,13.0,,1020.2,
2025-01-01,2.2,1.6,3.5,0.0,,235.0,14.2,,1020.9,
2025-01-02,5.1,2.9,9.9,0.0,,223.0,18.3,,1012.0,
2025-01-03,1.7,0.6,3.6,5.0,,223.0,8.5,,1008.5,
2025-01-04,-1.8,-2.9,-0.6,0.1,30.0,263.0,13.0,,1009.7,
2025-01-05,-4.0,-6.8,-0.4,0.0,30.0,250.0,12.0,,1020.7,
2025-01-06,-4.0,-7.4,-0.4,2.6,,145.0,9.3,,1021.5,
2025-01-07,4.6,-1.0,6.6,1.1,30.0,183.0,12.0,,1017.1,
2025-01-08,7.8,6.6,9.5,0.6,,183.0,10.6,,1013.5,
2025-01-09,5.7,1.7,9.3,0.1,,248.0,10.2,,1016.7,
2025-01-10,6.6,2.5,9.7,0.0,,133.0,10.9,,1016.4,
2025-01-11,4.1,0.7,6.3,2.1,,199.0,11.4,,1011.9,
2025-01-12,-1.0,-3.9,2.9,0.0,,326.0,1.9,,1020.7,
2025-01-13,-0.4,-2.4,1.3,0.0,10.0,288.0,3.3,,1027.7,
2025-01-14,-1.8,-2.5,-0.9,0.0,,256.0,11.7,,1029.2,
2025-01-15,-0.1,-2.3,1.3,0.0,,253.0,11.3,,1022.0,
2025-01-16,0.2,-0.1,0.8,0.8,10.0,289.0,9.1,,1026.8,
2025-01-17,1.2,0.2,1.6,1.3,,286.0,14.9,,1022.2,
2025-01-18,1.8,1.5,3.0,0.2,,288.0,12.0,,1018.3,
2025-01-19,2.1,-0.8,3.1,0.0,,313.0,13.6,,1016.4,
2025-01-20,-0.5,-2.9,1.3,0.0,,307.0,8.2,,1021.5,
2025-01-21,0.2,-1.3,1.2,0.0,10.0,76.0,2.6,,1028.2,
2025-01-22,-1.0,-2.1,0.9,0.0,,114.0,12.8,,1027.8,
2025-01-23,-1.7,-2.7,-0.8,0.0,,109.0,12.3,,1023.0,
2025-01-24,-0.1,-1.0,0.8,1.0,10.0,99.0,7.3,,1021.9,
2025-01-25,1.6,0.1,2.9,0.0,,98.0,3.0,,1025.6,
2025-01-26,4.1,1.9,6.5,0.0,,175.0,7.4,,1027.3,
2025-01-27,3.2,1.9,4.2,0.0,,180.0,11.5,,1023.8,
2025-01-28,3.9,2.0,5.6,0.0,,154.0,9.6,,1021.8,
2025-01-29,4.4,3.0,4.8,0.0,,142.0,10.9,,1021.8,
2025-01-30,6.0,4.1,6.9,0.0,,114.0,2.7,,1025.7,
2025-01-31,4.6,3.9,5.3,0.0,,55.0,4.7,,1027.9,
2025-02-01,4.4,2.0,5.4,6.2,,138.0,5.4,,1024.0,
2025-02-02,1.4,0.7,3.7,1.9,10.0,270.0,6.9,,1023.4,
2025-02-03,0.7,-1.1,3.4,0.3,,267.0,3.7,,1021.1,
2025-02-04,-1.9,-4.2,0.7,1.0,10.0,320.0,6.6,,1022.2,
2025-02-05,-1.8,-2.7,-0.6,2.3,20.0,317.0,9.6,,1024.3,
2025-02-06,-3.3,-5.2,-1.7,0.0,,44.0,9.8,,1036.9,
2025-02-07,-6.6,-9.7,-3.8,0.0,51.0,48.0,14.6,,1044.8,
2025-02-08,-5.5,-7.8,-2.5,0.0,41.0,54.0,10.3,,1047.5,
2025-02-09,-5.8,-7.5,-1.9,0.0,30.0,49.0,9.4,,1042.7,
2025-02-10,-8.7,-10.7,-4.9,0.3,20.0,50.0,8.8,,1037.1,
2025-02-11,-8.8,-12.2,-2.8,0.0,,40.0,6.7,,1039.3,
2025-02-12,-8.8,-13.7,-0.7,0.0,20.0,23.0,3.6,,1036.2,
2025-02-13,-5.6,-11.1,2.2,0.0,20.0,277.0,1.6,,1027.6,
2025-02-14,-2.5,-9.8,2.6,0.4,20.0,191.0,11.4,,1018.3,
2025-02-15,-2.6,-8.3,1.4,6.5,,289.0,16.6,,1011.8,
2025-02-16,-9.1,-11.7,-4.8,0.9,89.0,272.0,7.1,,1018.6,
2025-02-17,-10.6,-15.4,-3.1,0.1,79.0,251.0,2.4,,1025.5,
2025-02-18,-9.5,-15.7,-2.3,0.0,89.0,226.0,4.0,,1029.6,
2025-02-19,-8.2,-14.1,-1.2,0.0,79.0,214.0,4.5,,1029.5,
2025-02-20,-7.0,-9.5,-3.2,2.0,71.0,306.0,4.1,,1030.9,
2025-02-21,-7.6,-11.0,-2.0,0.0,119.0,24.0,5.9,,1039.1,
2025-02-22,-9.1,-16.4,-3.2,0.0,109.0,341.0,4.7,,1039.5,
2025-02-23,-6.6,-10.9,-1.6,0.0,99.0,329.0,7.6,,1032.1,
2025-02-24,-4.9,-7.4,-1.0,0.0,79.0,338.0,9.6,,1025.8,
2025-02-25,-6.8,-10.7,-2.7,0.1,71.0,16.0,3.1,,1024.7,
2025-02-26,-6.3,-9.7,-0.4,0.4,79.0,126.0,2.3,,1027.0,
2025-02-27,-5.8,-13.9,2.6,0.0,79.0,268.0,1.4,,1029.7,
2025-02-28,-4.3,-10.7,1.1,0.0,,56.0,1.3,,1029.7,
2025-03-01,-3.1,-5.5,2.1,0.0,71.0,160.0,4.0,,1031.4,
2025-03-02,-0.6,-4.0,2.3,0.0,71.0,204.0,3.6,,1025.9,
2025-03-03,0.8,-0.9,2.4,0.0,61.0,248.0,7.7,,1019.4,
2025-03-04,3.1,1.6,4.6,0.0,,252.0,13.2,,1014.6,
2025-03-05,6.0,3.7,8.5,0.0,10.0,268.0,16.4,,1012.8,
2025-03-06,10.1,4.4,15.2,0.0,,271.0,15.4,,1013.6,
2025-03-07,11.4,3.7,18.1,0.0,,276.0,8.6,,1019.8,
2025-03-08,8.6,-0.1,18.9,0.0,,31.0,1.1,,1021.5,
2025-03-09,8.8,0.4,17.9,0.0,,169.0,2.9,,1019.8,
2025-03-10,8.2,1.0,16.2,0.0,,130.0,3.2,,1017.1,
2025-03-11,6.7,2.8,11.8,0.0,,161.0,7.6,,1010.9,
2025-03-12,10.7,7.4,17.8,0.5,,200.0,8.4,,1006.4,
2025-03-13,12.4,4.7,18.7,0.7,,146.0,7.9,,1009.6,
2025-03-14,14.4,10.0,19.6,,,207.0,12.3,,1007.7,
2025-03-15,12.6,8.2,17.6,1.0,,126.0,4.8,,1012.9,
2025-03-16,5.7,3.4,7.7,,,14.0,6.5,,1013.0,
2025-03-17,4.6,1.8,8.7,,,355.0,7.2,,1008.9,
2025-03-18,1.2,-2.4,4.1,,,333.0,13.0,,1015.3,
2025-03-19,0.2,-7.1,4.9,,10.0,319.0,10.2,,1023.9,
2025-03-20,6.3,1.5,13.1,,,306.0,9.5,,1025.7,
2025-03-21,7.7,-0.6,14.9,,,309.0,7.6,,1026.3,
2025-03-22,9.1,4.0,15.2,0.0,,123.0,2.0,,1025.4,
2025-03-23,9.2,4.6,14.5,0.0,,106.0,5.7,,1030.0,
2025-03-24,9.2,4.5,12.6,0.3,,136.0,14.0,,1030.1,
2025-03-25,8.5,7.2,11.9,2.0,,149.0,10.8,,1019.5,
2025-03-26,9.1,6.8,13.0,0.0,,273.0,1.9,,1016.2,
2025-03-27,10.1,4.5,14.9,0.0,,30.0,2.3,,1017.1,
2025-03-28,13.1,6.3,16.9,0.0,,341.0,4.3,,1016.6,
2025-03-29,9.6,6.3,14.6,0.0,,55.0,12.4,,1017.0,
2025-03-30,8.7,4.4,12.0,0.3,,75.0,12.7,,1014.2,
2025-03-31,9.6,8.7,10.6,17.0,,57.0,7.6,,1010.6,
2025-04-01,10.7,9.9,12.7,12.7,,196.0,4.9,,1009.9,
2025-04-02,12.3,7.5,17.4,0.0,,100.0,3.4,,1011.7,
2025-04-03,11.4,9.0,17.3,0.0,,24.0,6.8,,1015.6,
2025-04-04,13.0,3.1,20.6,0.0,,261.0,3.2,,1014.1,
2025-04-05,12.7,10.5,18.4,0.0,,204.0,9.6,,1002.2,
2025-04-06,8.7,6.7,11.4,7.6,,188.0,12.0,,999.2,
2025-04-07,3.0,2.2,5.1,0.0,,222.0,7.9,,1009.7,
2025-04-08,0.1,-1.3,3.0,0.0,,241.0,10.3,,1013.1,
2025-04-09,1.4,-2.2,4.9,0.0,,246.0,4.3,,1015.0,
2025-04-10,2.7,-3.9,7.2,0.0,,193.0,6.9,,1008.2,
2025-04-11,6.1,0.0,10.5,0.0,,124.0,5.9,,1007.6,
2025-04-12,8.5,1.5,14.0,0.0,,200.0,1.7,,1012.6,
2025-04-13,9.5,1.2,15.5,0.0,,226.0,3.2,,1019.1,
2025-04-14,12.1,6.3,18.9,0.0,,203.0,3.3,,1025.9,
2025-04-15,13.2,4.8,21.0,0.0,,160.0,2.0,,1028.5,
2025-04-16,15.0,5.0,23.2,0.0,,131.0,1.7,,1030.0,
2025-04-17,16.2,9.9,21.9,,,144.0,1.5,,1029.8,
2025-04-18,18.1,9.4,25.2,,,138.0,3.2,,1024.4,
2025-04-19,18.0,8.7,25.0,,,102.0,8.6,,1018.3,
2025-04-20,18.2,7.5,25.6,,,88.0,13.1,,1013.6,
2025-04-21,17.9,10.7,24.7,,,79.0,13.1,,1011.7,
2025-04-22,18.3,7.6,26.8,,,83.0,8.4,,1013.9,
2025-04-23,19.1,8.8,27.9,0.0,,39.0,1.9,,1014.4,
2025-04-24,20.0,10.6,27.6,0.0,,305.0,0.5,,1009.5,
2025-04-25,19.9,11.6,27.7,0.2,,311.0,0.9,,1006.2,
2025-04-26,10.2,6.4,15.2,0.5,,347.0,9.6,,1009.8,
2025-04-27,4.6,1.8,10.4,1.5,,320.0,9.3,,1020.9,
2025-04-28,6.6,-0.8,13.3,0.0,,289.0,4.2,,1029.7,
2025-04-29,13.5,3.3,20.9,0.0,,201.0,10.3,,1022.9,
2025-04-30,15.6,11.3,21.0,0.2,,248.0,5.7,,1016.2,
2025-05-01,14.7,8.0,23.8,0.0,,248.0,8.0,,1014.4,
2025-05-02,9.9,5.5,16.3,0.0,,310.0,6.8,,1017.6,
2025-05-03,14.3,1.5,22.5,0.0,,211.0,9.1,,1015.1,
2025-05-04,19.5,13.5,26.4,0.0,,195.0,15.4,,1009.9,
2025-05-05,15.7,11.6,20.5,0.8,,211.0,9.4,,1008.9,
2025-05-06,13.5,11.4,17.3,4.8,,35.0,3.1,,1013.0,
2025-05-07,13.4,11.9,16.1,7.9,,305.0,1.4,,1010.1,
2025-05-08,13.6,10.7,18.5,0.1,,314.0,4.3,,1010.1,
2025-05-09,10.1,4.7,17.3,8.1,,348.0,5.3,,1011.5,
2025-05-10,9.2,5.6,13.7,3.0,,278.0,8.3,,1013.1,
2025-05-11,7.1,4.1,12.3,5.3,,217.0,2.3,,1014.5,
2025-05-12,7.0,4.9,9.2,6.6,,356.0,1.5,,1012.6,
2025-05-13,10.1,4.4,15.6,2.6,,267.0,3.4,,1010.3,
2025-05-14,9.2,3.9,17.3,4.2,,238.0,4.7,,1010.5,
2025-05-15,12.7,4.9,19.3,0.0,,182.0,9.1,,1012.1,
2025-05-16,16.7,9.3,22.3,0.0,,152.0,9.6,,1017.0,
2025-05-17,16.9,14.3,23.1,2.1,,109.0,11.0,,1011.5,
2025-05-18,13.4,11.5,19.1,18.0,,221.0,6.8,,1007.3,
2025-05-19,12.6,8.9,20.7,1.3,,209.0,4.2,,1010.8,
2025-05-20,12.2,9.3,15.9,1.8,,205.0,1.0,,1006.5,
2025-05-21,15.2,8.3,22.7,1.6,,262.0,6.3,,1009.9,
2025-05-22,19.3,12.1,25.5,0.0,,211.0,4.7,,1015.3,
2025-05-23,20.0,12.0,26.6,0.0,,124.0,4.2,,1016.8,
2025-05-24,22.1,11.9,28.7,0.1,,103.0,7.8,,1016.0,
2025-05-25,23.9,17.1,28.7,0.0,,106.0,13.9,,1016.0,
2025-05-26,23.3,19.4,28.0,0.0,,112.0,19.2,,1016.4,
2025-05-27,22.8,16.7,27.5,0.0,,98.0,21.9,,1014.4,
2025-05-28,22.5,17.6,26.5,0.0,,108.0,17.9,,1012.9,
2025-05-29,18.5,16.1,19.8,0.9,,103.0,9.3,,1010.8,
2025-05-30,19.2,14.7,24.3,3.6,,87.0,1.9,,1010.2,
2025-05-31,20.0,16.2,24.9,3.2,,285.0,2.4,,1011.1,
2025-06-01,20.5,15.8,25.0,0.6,,293.0,6.6,,1013.4,
2025-06-02,20.9,14.5,26.3,0.0,,287.0,2.7,,1016.4,
2025-06-03,22.8,15.5,28.8,0.3,,208.0,5.2,,1014.7,
2025-06-04,20.8,16.6,22.3,0.0,,283.0,11.0,,1013.0,
2025-06-05,20.4,13.5,26.1,0.0,,268.0,2.0,,1020.3,
2025-06-06,23.5,15.6,29.9,0.0,,195.0,4.7,,1018.6,
2025-06-07,25.6,19.8,31.3,,,249.0,3.8,,1017.1,
2025-06-08,26.7,19.9,33.2,,,201.0,3.6,,1015.8,
2025-06-09,27.9,21.0,34.7,,,138.0,6.2,,1013.1,
2025-06-10,25.1,20.8,28.3,,,158.0,8.9,,1011.6,
2025-06-11,20.8,17.0,24.8,,,335.0,11.1,,1013.7,
2025-06-12,20.5,15.7,24.9,,,342.0,10.3,,1015.6,
2025-06-13,20.7,16.3,25.2,,,23.0,11.4,,1016.5,
